INSERT INTO pourrfot.course (id, create_time, update_time, teacher_id, course_code, course_name, class_time,
                             class_location, term, profile_photo)
VALUES (1, '2021-04-14 12:25:09', '2021-04-14 12:25:09', 1, '4ZS081001', '软件项目管理', '三[6-9](1-10周)', '嘉定校区1-331',
        '202003', '');
INSERT INTO pourrfot.course (id, create_time, update_time, teacher_id, course_code, course_name, class_time,
                             class_location, term, profile_photo)
VALUES (2, '2021-04-14 12:25:48', '2021-04-14 12:25:48', 2, '4ZS081002', '软件项目管理', '四[6-9](1-10周)', '嘉定校区1-331',
        '202003', '');
INSERT INTO pourrfot.course (id, create_time, update_time, teacher_id, course_code, course_name, class_time,
                             class_location, term, profile_photo)
VALUES (3, '2021-04-15 15:27:31', '2021-04-15 15:27:31', 1, '3ZS081002', '软件测试技术及应用', '一[6-9](1-10周)\\', '嘉定校区1-209
', '202003', '');
INSERT INTO pourrfot.course (id, create_time, update_time, teacher_id, course_code, course_name, class_time,
                             class_location, term, profile_photo)
VALUES (4, '2021-04-15 15:27:31', '2021-04-15 15:27:31', 2, '3ZS081004', '软件测试技术及应用', '二[6-9](1-10周)\\', '嘉定校区1-209
', '202003', '');
INSERT INTO pourrfot.course (id, create_time, update_time, teacher_id, course_code, course_name, class_time,
                             class_location, term, profile_photo)
VALUES (5, '2021-04-15 15:27:31', '2021-04-15 15:27:31', 1, '2ZS081003', '软件体系结构', '一[6-9](1-10周)', '嘉定校区1-233',
        '202002', '');
INSERT INTO pourrfot.course (id, create_time, update_time, teacher_id, course_code, course_name, class_time,
                             class_location, term, profile_photo)
VALUES (6, '2021-04-15 15:27:31', '2021-04-15 15:27:31', 2, '2ZS081004', '软件体系结构', '二[6-9](1-10周)', '嘉定校区1-233',
        '202002', '');
INSERT INTO pourrfot.course (id, create_time, update_time, teacher_id, course_code, course_name, class_time,
                             class_location, term, profile_photo)
VALUES (7, '2021-04-15 15:27:31', '2021-04-15 15:27:31', 1, '3ZS081003', '企业级应用开发技术', '五[7-10](1-10周)', '嘉定校区1-231',
        '202001', '');
INSERT INTO pourrfot.course (id, create_time, update_time, teacher_id, course_code, course_name, class_time,
                             class_location, term, profile_photo)
VALUES (8, '2021-04-15 15:29:38', '2021-04-15 15:29:38', 2, '3ZS081001', '软件建模方法', '三[6-9](1-10周)', '嘉定校区1-207',
        '202002', '');
INSERT INTO pourrfot.course (id, create_time, update_time, teacher_id, course_code, course_name, class_time,
                             class_location, term, profile_photo)
VALUES (9, '2021-04-15 15:29:38', '2021-04-15 15:29:38', 1, '2ZS081002', '软件形式方法基础', '五[1-4](1-10周)', '嘉定校区1-233',
        '202002', '');
INSERT INTO pourrfot.course (id, create_time, update_time, teacher_id, course_code, course_name, class_time,
                             class_location, term, profile_photo)
VALUES (10, '2021-04-15 15:32:24', '2021-04-15 15:32:24', 2, '3ZSL08401', '操作系统结构与分析', '二[7-10](1-10周)', '嘉定校区1-411',
        '202002', '');
INSERT INTO pourrfot.pourrfot_user (id, create_time, update_time, username, nickname, profile_photo, birth, sex, role,
                                    email, telephone, password)
VALUES (1, '2021-04-16 09:15:51', '2021-04-16 09:15:51', 'caomin', '曹旻', '', '1970-01-01', 'female', 'teacher', '', '',
        'caomin');
INSERT INTO pourrfot.pourrfot_user (id, create_time, update_time, username, nickname, profile_photo, birth, sex, role,
                                    email, telephone, password)
VALUES (2, '2021-04-16 09:18:07', '2021-04-16 09:18:07', 'chenyihai', '陈怡海', '', '1970-01-01', 'male', 'teacher', '',
        '', 'chenyihai');
INSERT INTO pourrfot.pourrfot_user (id, create_time, update_time, username, nickname, profile_photo, birth, sex, role,
                                    email, telephone, password)
VALUES (3, '2021-04-19 00:20:09', '2021-04-19 00:20:09', '20721599', '蔡佳昊', '', '1998-03-25', 'male', 'student',
        'shouspencercjh@foxmail.com', '15000131965', '20721599');
INSERT INTO pourrfot.pourrfot_user (id, create_time, update_time, username, nickname, profile_photo, birth, sex, role,
                                    email, telephone, password)
VALUES (4, '2021-05-12 14:46:03', '2021-05-12 14:46:03', 'admin', 'admin-test', '', null, 'unknown', 'admin', '', '',
        'admin');
INSERT INTO pourrfot.pourrfot_user (id, create_time, update_time, username, nickname, profile_photo, birth, sex, role,
                                    email, telephone, password)
VALUES (5, '2021-05-13 14:08:19', '2021-05-13 14:08:19', '20721601', 'student-test', '', null, 'unknown', 'student', '',
        '', '20721601');
INSERT INTO pourrfot.pourrfot_user (id, create_time, update_time, username, nickname, profile_photo, birth, sex, role,
                                    email, telephone, password)
VALUES (6, '2021-05-13 14:09:07', '2021-05-13 14:09:07', 'teacher', 'teacher-test', '', null, 'unknown', 'teacher', '',
        '', 'teacher');
INSERT INTO pourrfot.pourrfot_user (id, create_time, update_time, username, nickname, profile_photo, birth, sex, role,
                                    email, telephone, password)
VALUES (7, '2021-05-18 23:50:09', '2021-05-18 23:50:09', '20721602', 'abc', '', null, 'male', 'student', '', '',
        '20721602');
INSERT INTO pourrfot.pourrfot_user (id, create_time, update_time, username, nickname, profile_photo, birth, sex, role,
                                    email, telephone, password)
VALUES (8, '2021-05-18 23:39:23', '2021-05-18 23:39:23', '20721603', 'student-a', '', '1998-03-25', 'male', 'student',
        '', '', '20721603');
INSERT INTO pourrfot.pourrfot_user (id, create_time, update_time, username, nickname, profile_photo, birth, sex, role,
                                    email, telephone, password)
VALUES (9, '2021-05-18 23:39:23', '2021-05-18 23:39:23', '20721604', 'student-b', '', '1998-03-25', 'male', 'student',
        '', '', '20721604');
INSERT INTO pourrfot.pourrfot_user (id, create_time, update_time, username, nickname, profile_photo, birth, sex, role,
                                    email, telephone, password)
VALUES (10, '2021-05-18 23:39:23', '2021-05-18 23:39:23', '20721605', 'student-c', '', '1998-03-25', 'male', 'student',
        '', '', '20721605');
INSERT INTO pourrfot.pourrfot_user (id, create_time, update_time, username, nickname, profile_photo, birth, sex, role,
                                    email, telephone, password)
VALUES (11, '2021-05-18 23:39:23', '2021-05-18 23:39:23', '20721606', 'student-d', '', '1998-03-25', 'male', 'student',
        '', '', '20721606');
INSERT INTO pourrfot.pourrfot_user (id, create_time, update_time, username, nickname, profile_photo, birth, sex, role,
                                    email, telephone, password)
VALUES (12, '2021-05-18 23:39:23', '2021-05-18 23:39:23', '20721607', 'student-e', '', '1998-03-25', 'male', 'student',
        '', '', '20721607');
INSERT INTO pourrfot.pourrfot_user (id, create_time, update_time, username, nickname, profile_photo, birth, sex, role,
                                    email, telephone, password)
VALUES (13, '2021-05-18 23:39:23', '2021-05-18 23:39:23', '20721608', 'student-f', '', '1998-03-25', 'male', 'student',
        '', '', '20721608');
INSERT INTO pourrfot.pourrfot_user (id, create_time, update_time, username, nickname, profile_photo, birth, sex, role,
                                    email, telephone, password)
VALUES (14, '2021-05-18 23:39:23', '2021-05-18 23:39:23', '20721609', 'student-g', '', '1998-03-25', 'male', 'student',
        '', '', '20721609');
INSERT INTO pourrfot.pourrfot_user (id, create_time, update_time, username, nickname, profile_photo, birth, sex, role,
                                    email, telephone, password)
VALUES (15, '2021-05-18 23:39:23', '2021-05-18 23:39:23', '20721610', 'student-h', '', '1998-03-25', 'male', 'student',
        '', '', '20721610');
INSERT INTO pourrfot.pourrfot_user (id, create_time, update_time, username, nickname, profile_photo, birth, sex, role,
                                    email, telephone, password)
VALUES (16, '2021-05-18 23:39:23', '2021-05-18 23:39:23', '20721611', 'student-i', '', '1998-03-25', 'male', 'student',
        '', '', '20721611');
INSERT INTO pourrfot.pourrfot_user (id, create_time, update_time, username, nickname, profile_photo, birth, sex, role,
                                    email, telephone, password)
VALUES (17, '2021-05-18 23:39:23', '2021-05-18 23:39:23', '20721612', 'student-j', '', '1998-03-25', 'male', 'student',
        '', '', '20721612');
INSERT INTO pourrfot.pourrfot_user (id, create_time, update_time, username, nickname, profile_photo, birth, sex, role,
                                    email, telephone, password)
VALUES (18, '2021-05-18 23:39:23', '2021-05-18 23:39:23', '20721613', 'student-k', '', '1998-03-25', 'male', 'student',
        '', '', '20721613');
INSERT INTO pourrfot.pourrfot_user (id, create_time, update_time, username, nickname, profile_photo, birth, sex, role,
                                    email, telephone, password)
VALUES (19, '2021-05-18 23:39:23', '2021-05-18 23:39:23', '20721614', 'student-l', '', '1998-03-25', 'male', 'student',
        '', '', '20721614');
INSERT INTO pourrfot.pourrfot_user (id, create_time, update_time, username, nickname, profile_photo, birth, sex, role,
                                    email, telephone, password)
VALUES (20, '2021-05-18 23:39:23', '2021-05-18 23:39:23', '20721615', 'student-m', '', '1998-03-25', 'male', 'student',
        '', '', '20721615');
INSERT INTO pourrfot.pourrfot_user (id, create_time, update_time, username, nickname, profile_photo, birth, sex, role,
                                    email, telephone, password)
VALUES (21, '2021-05-18 23:39:23', '2021-05-18 23:39:23', '20721616', 'student-n', '', '1998-03-25', 'female',
        'student', '', '', '20721616');
INSERT INTO pourrfot.pourrfot_user (id, create_time, update_time, username, nickname, profile_photo, birth, sex, role,
                                    email, telephone, password)
VALUES (22, '2021-05-18 23:39:23', '2021-05-18 23:39:23', '20721617', 'student-o', '', '1998-03-25', 'female',
        'student', '', '', '20721617');
INSERT INTO pourrfot.pourrfot_user (id, create_time, update_time, username, nickname, profile_photo, birth, sex, role,
                                    email, telephone, password)
VALUES (23, '2021-05-18 23:39:23', '2021-05-18 23:39:23', '20721618', 'student-p', '', '1998-03-25', 'female',
        'student', '', '', '20721618');
INSERT INTO pourrfot.pourrfot_user (id, create_time, update_time, username, nickname, profile_photo, birth, sex, role,
                                    email, telephone, password)
VALUES (24, '2021-05-18 23:39:23', '2021-05-18 23:39:23', '20721619', 'student-q', '', '1998-03-25', 'female',
        'student', '', '', '20721619');
INSERT INTO pourrfot.pourrfot_user (id, create_time, update_time, username, nickname, profile_photo, birth, sex, role,
                                    email, telephone, password)
VALUES (25, '2021-05-18 23:39:23', '2021-05-18 23:39:23', '20721620', 'student-r', '', '1998-03-25', 'female',
        'student', '', '', '20721620');
INSERT INTO pourrfot.pourrfot_user (id, create_time, update_time, username, nickname, profile_photo, birth, sex, role,
                                    email, telephone, password)
VALUES (26, '2021-05-18 23:39:23', '2021-05-18 23:39:23', '20721621', 'student-s', '', '1998-03-25', 'female',
        'student', '', '', '20721621');
INSERT INTO pourrfot.pourrfot_user (id, create_time, update_time, username, nickname, profile_photo, birth, sex, role,
                                    email, telephone, password)
VALUES (27, '2021-05-18 23:39:23', '2021-05-18 23:39:23', '20721622', 'student-t', '', '1998-03-25', 'female',
        'student', '', '', '20721622');
INSERT INTO pourrfot.pourrfot_user (id, create_time, update_time, username, nickname, profile_photo, birth, sex, role,
                                    email, telephone, password)
VALUES (28, '2021-05-18 23:39:23', '2021-05-18 23:39:23', '20721623', 'student-u', '', '1998-03-25', 'female',
        'student', '', '', '20721623');
INSERT INTO pourrfot.pourrfot_user (id, create_time, update_time, username, nickname, profile_photo, birth, sex, role,
                                    email, telephone, password)
VALUES (29, '2021-05-18 23:39:23', '2021-05-18 23:39:23', '20721624', 'student-v', '', '1998-03-25', 'female',
        'student', '', '', '20721624');
INSERT INTO pourrfot.pourrfot_user (id, create_time, update_time, username, nickname, profile_photo, birth, sex, role,
                                    email, telephone, password)
VALUES (30, '2021-05-18 23:39:23', '2021-05-18 23:39:23', '20721625', 'student-w', '', '1998-03-25', 'female',
        'student', '', '', '20721625');
INSERT INTO pourrfot.pourrfot_user (id, create_time, update_time, username, nickname, profile_photo, birth, sex, role,
                                    email, telephone, password)
VALUES (31, '2021-05-18 23:39:23', '2021-05-18 23:39:23', '20721626', 'student-x', '', '1998-03-25', 'female',
        'student', '', '', '20721626');
INSERT INTO pourrfot.pourrfot_user (id, create_time, update_time, username, nickname, profile_photo, birth, sex, role,
                                    email, telephone, password)
VALUES (32, '2021-05-18 23:39:23', '2021-05-18 23:39:23', '20721627', 'student-y', '', '1998-03-25', 'female',
        'student', '', '', '20721627');
INSERT INTO pourrfot.pourrfot_user (id, create_time, update_time, username, nickname, profile_photo, birth, sex, role,
                                    email, telephone, password)
VALUES (33, '2021-05-18 23:39:23', '2021-05-18 23:39:23', '20721628', 'student-z', '', '1998-03-25', 'female',
        'student', '', '', '20721628');
INSERT INTO pourrfot.course_group (id, create_time, update_time, course_id, group_name, profile_photo)
VALUES (1, '2021-04-20 19:35:34', '2021-04-20 19:35:34', 1, '软件项目管理-第1小组', 'profilePhoto');
INSERT INTO pourrfot.course_group (id, create_time, update_time, course_id, group_name, profile_photo)
VALUES (2, '2021-05-14 01:20:48', '2021-05-14 01:20:48', 2, 'mock-2-1', '');
INSERT INTO pourrfot.course_group (id, create_time, update_time, course_id, group_name, profile_photo)
VALUES (3, '2021-05-14 01:20:48', '2021-05-14 01:20:48', 3, 'mock-3-1', '');
INSERT INTO pourrfot.course_group (id, create_time, update_time, course_id, group_name, profile_photo)
VALUES (4, '2021-05-14 01:20:48', '2021-05-14 01:20:48', 4, 'mock-4-1', '');
INSERT INTO pourrfot.course_group (id, create_time, update_time, course_id, group_name, profile_photo)
VALUES (5, '2021-05-14 01:20:48', '2021-05-14 01:20:48', 5, 'mock-5-1', '');
INSERT INTO pourrfot.course_group (id, create_time, update_time, course_id, group_name, profile_photo)
VALUES (6, '2021-05-14 01:20:48', '2021-05-14 01:20:48', 6, 'mock-6-1', '');
INSERT INTO pourrfot.course_group (id, create_time, update_time, course_id, group_name, profile_photo)
VALUES (7, '2021-05-14 01:20:48', '2021-05-14 01:20:48', 7, 'mock-7-1', '');
INSERT INTO pourrfot.course_group (id, create_time, update_time, course_id, group_name, profile_photo)
VALUES (8, '2021-05-14 01:20:48', '2021-05-14 01:20:48', 8, 'mock-8-1', '');
INSERT INTO pourrfot.course_group (id, create_time, update_time, course_id, group_name, profile_photo)
VALUES (9, '2021-05-14 01:20:48', '2021-05-14 01:20:48', 9, 'mock-9-1', '');
INSERT INTO pourrfot.course_group (id, create_time, update_time, course_id, group_name, profile_photo)
VALUES (10, '2021-05-14 01:20:48', '2021-05-14 01:20:48', 10, 'mock-10-1', '');
INSERT INTO pourrfot.course_group (id, create_time, update_time, course_id, group_name, profile_photo)
VALUES (11, '2021-05-18 22:38:41', '2021-05-18 22:38:41', 1, '软件项目管理-第2小组', '');
INSERT INTO pourrfot.course_group (id, create_time, update_time, course_id, group_name, profile_photo)
VALUES (12, '2021-05-18 22:38:41', '2021-05-18 22:38:41', 1, '软件项目管理-第3小组', '');
INSERT INTO pourrfot.course_group (id, create_time, update_time, course_id, group_name, profile_photo)
VALUES (13, '2021-05-18 22:38:41', '2021-05-18 22:38:41', 1, '软件项目管理-第4小组', '');
INSERT INTO pourrfot.course_group (id, create_time, update_time, course_id, group_name, profile_photo)
VALUES (14, '2021-05-18 22:38:41', '2021-05-18 22:38:41', 1, '软件项目管理-第5小组', '');
INSERT INTO pourrfot.course_group (id, create_time, update_time, course_id, group_name, profile_photo)
VALUES (15, '2021-05-18 22:38:41', '2021-05-18 22:38:41', 1, '软件项目管理-第6小组', '');
INSERT INTO pourrfot.course_group (id, create_time, update_time, course_id, group_name, profile_photo)
VALUES (16, '2021-05-18 22:38:41', '2021-05-18 22:38:41', 1, '软件项目管理-第7小组', '');
INSERT INTO pourrfot.course_group (id, create_time, update_time, course_id, group_name, profile_photo)
VALUES (17, '2021-05-18 22:38:41', '2021-05-18 22:38:41', 1, '软件项目管理-第8小组', '');
INSERT INTO pourrfot.course_group (id, create_time, update_time, course_id, group_name, profile_photo)
VALUES (18, '2021-05-18 22:38:41', '2021-05-18 22:38:41', 1, '软件项目管理-第9小组', '');
INSERT INTO pourrfot.course_group (id, create_time, update_time, course_id, group_name, profile_photo)
VALUES (19, '2021-05-18 22:38:41', '2021-05-18 22:38:41', 1, '软件项目管理-第10小组', '');
INSERT INTO pourrfot.course_group (id, create_time, update_time, course_id, group_name, profile_photo)
VALUES (20, '2021-05-18 22:38:41', '2021-05-18 22:38:41', 1, '软件项目管理-第11小组', '');
INSERT INTO pourrfot.course_group (id, create_time, update_time, course_id, group_name, profile_photo)
VALUES (21, '2021-05-18 22:38:41', '2021-05-18 22:38:41', 1, '软件项目管理-第12小组', '');
INSERT INTO pourrfot.course_group (id, create_time, update_time, course_id, group_name, profile_photo)
VALUES (22, '2021-05-18 22:38:41', '2021-05-18 22:38:41', 1, '软件项目管理-第13小组', '');
INSERT INTO pourrfot.course_group (id, create_time, update_time, course_id, group_name, profile_photo)
VALUES (23, '2021-05-18 22:38:41', '2021-05-18 22:38:41', 1, '软件项目管理-第14小组', '');
INSERT INTO pourrfot.course_student (id, create_time, update_time, student_id, student_number, student_name, course_id,
                                     group_id, total_score, detail_score)
VALUES (1, '2021-05-14 01:16:11', '2021-05-14 01:16:11', 3, '20721599', '蔡佳昊', 1, 1, 0, '[]');
INSERT INTO pourrfot.course_student (id, create_time, update_time, student_id, student_number, student_name, course_id,
                                     group_id, total_score, detail_score)
VALUES (2, '2021-05-14 01:16:11', '2021-05-14 01:16:11', 5, '20721601', 'student-test', 2, 2, 0, '[]');
INSERT INTO pourrfot.course_student (id, create_time, update_time, student_id, student_number, student_name, course_id,
                                     group_id, total_score, detail_score)
VALUES (3, '2021-05-14 01:16:11', '2021-05-14 01:16:11', 3, '20721599', '蔡佳昊', 3, 3, 0, '[]');
INSERT INTO pourrfot.course_student (id, create_time, update_time, student_id, student_number, student_name, course_id,
                                     group_id, total_score, detail_score)
VALUES (4, '2021-05-14 01:16:11', '2021-05-14 01:16:11', 5, '20721601', 'student-test', 4, 4, 0, '[]');
INSERT INTO pourrfot.course_student (id, create_time, update_time, student_id, student_number, student_name, course_id,
                                     group_id, total_score, detail_score)
VALUES (5, '2021-05-14 01:16:11', '2021-05-14 01:16:11', 3, '20721599', '蔡佳昊', 5, 5, 0, '[]');
INSERT INTO pourrfot.course_student (id, create_time, update_time, student_id, student_number, student_name, course_id,
                                     group_id, total_score, detail_score)
VALUES (6, '2021-05-14 01:16:11', '2021-05-14 01:16:11', 5, '20721601', 'student-test', 6, 6, 0, '[]');
INSERT INTO pourrfot.course_student (id, create_time, update_time, student_id, student_number, student_name, course_id,
                                     group_id, total_score, detail_score)
VALUES (7, '2021-05-14 01:16:11', '2021-05-14 01:16:11', 3, '20721599', '蔡佳昊', 7, 7, 0, '[]');
INSERT INTO pourrfot.course_student (id, create_time, update_time, student_id, student_number, student_name, course_id,
                                     group_id, total_score, detail_score)
VALUES (8, '2021-05-14 01:16:11', '2021-05-14 01:16:11', 5, '20721601', 'student-test', 8, 8, 0, '[]');
INSERT INTO pourrfot.course_student (id, create_time, update_time, student_id, student_number, student_name, course_id,
                                     group_id, total_score, detail_score)
VALUES (9, '2021-05-14 01:16:11', '2021-05-14 01:16:11', 3, '20721599', '蔡佳昊', 8, 9, 0, '[]');
INSERT INTO pourrfot.course_student (id, create_time, update_time, student_id, student_number, student_name, course_id,
                                     group_id, total_score, detail_score)
VALUES (10, '2021-05-14 01:16:11', '2021-05-14 01:16:11', 5, '20721601', 'student-test', 10, 10, 0, '[]');
INSERT INTO pourrfot.course_student (id, create_time, update_time, student_id, student_number, student_name, course_id,
                                     group_id, total_score, detail_score)
VALUES (11, '2021-05-18 23:53:18', '2021-05-18 23:53:18', 7, '20721602', 'abc', 1, 11, 0, '[]');
INSERT INTO pourrfot.course_student (id, create_time, update_time, student_id, student_number, student_name, course_id,
                                     group_id, total_score, detail_score)
VALUES (12, '2021-05-18 23:53:18', '2021-05-18 23:53:18', 8, '20721603', 'student-a', 1, 12, 0, '[]');
INSERT INTO pourrfot.course_student (id, create_time, update_time, student_id, student_number, student_name, course_id,
                                     group_id, total_score, detail_score)
VALUES (13, '2021-05-18 23:53:18', '2021-05-18 23:53:18', 9, '20721604', 'student-b', 1, 13, 0, '[]');
INSERT INTO pourrfot.course_student (id, create_time, update_time, student_id, student_number, student_name, course_id,
                                     group_id, total_score, detail_score)
VALUES (14, '2021-05-18 23:53:18', '2021-05-18 23:53:18', 10, '20721605', 'student-c', 1, 14, 0, '[]');
INSERT INTO pourrfot.course_student (id, create_time, update_time, student_id, student_number, student_name, course_id,
                                     group_id, total_score, detail_score)
VALUES (15, '2021-05-18 23:53:18', '2021-05-18 23:53:18', 11, '20721606', 'student-d', 1, 15, 0, '[]');
INSERT INTO pourrfot.course_student (id, create_time, update_time, student_id, student_number, student_name, course_id,
                                     group_id, total_score, detail_score)
VALUES (16, '2021-05-18 23:53:18', '2021-05-18 23:53:18', 12, '20721607', 'student-e', 1, 16, 0, '[]');
INSERT INTO pourrfot.course_student (id, create_time, update_time, student_id, student_number, student_name, course_id,
                                     group_id, total_score, detail_score)
VALUES (17, '2021-05-18 23:53:18', '2021-05-18 23:53:18', 13, '20721608', 'student-f', 1, 17, 0, '[]');
INSERT INTO pourrfot.course_student (id, create_time, update_time, student_id, student_number, student_name, course_id,
                                     group_id, total_score, detail_score)
VALUES (18, '2021-05-18 23:53:18', '2021-05-18 23:53:18', 14, '20721609', 'student-g', 1, 18, 0, '[]');
INSERT INTO pourrfot.course_student (id, create_time, update_time, student_id, student_number, student_name, course_id,
                                     group_id, total_score, detail_score)
VALUES (19, '2021-05-18 23:53:18', '2021-05-18 23:53:18', 15, '20721610', 'student-h', 1, 19, 0, '[]');
INSERT INTO pourrfot.course_student (id, create_time, update_time, student_id, student_number, student_name, course_id,
                                     group_id, total_score, detail_score)
VALUES (20, '2021-05-18 23:53:18', '2021-05-18 23:53:18', 16, '20721611', 'student-i', 1, 20, 0, '[]');
INSERT INTO pourrfot.course_student (id, create_time, update_time, student_id, student_number, student_name, course_id,
                                     group_id, total_score, detail_score)
VALUES (21, '2021-05-18 23:53:18', '2021-05-18 23:53:18', 17, '20721612', 'student-j', 1, 21, 0, '[]');
INSERT INTO pourrfot.course_student (id, create_time, update_time, student_id, student_number, student_name, course_id,
                                     group_id, total_score, detail_score)
VALUES (22, '2021-05-18 23:53:18', '2021-05-18 23:53:18', 18, '20721613', 'student-k', 1, 22, 0, '[]');
INSERT INTO pourrfot.course_student (id, create_time, update_time, student_id, student_number, student_name, course_id,
                                     group_id, total_score, detail_score)
VALUES (23, '2021-05-18 23:53:18', '2021-05-18 23:53:18', 19, '20721614', 'student-l', 1, 23, 0, '[]');
INSERT INTO pourrfot.course_student (id, create_time, update_time, student_id, student_number, student_name, course_id,
                                     group_id, total_score, detail_score)
VALUES (24, '2021-05-18 23:53:18', '2021-05-18 23:53:18', 20, '20721615', 'student-m', 1, 11, 0, '[]');
INSERT INTO pourrfot.course_student (id, create_time, update_time, student_id, student_number, student_name, course_id,
                                     group_id, total_score, detail_score)
VALUES (25, '2021-05-18 23:53:18', '2021-05-18 23:53:18', 21, '20721616', 'student-n', 1, 12, 0, '[]');
INSERT INTO pourrfot.course_student (id, create_time, update_time, student_id, student_number, student_name, course_id,
                                     group_id, total_score, detail_score)
VALUES (26, '2021-05-18 23:53:18', '2021-05-18 23:53:18', 22, '20721617', 'student-o', 1, 13, 0, '[]');
INSERT INTO pourrfot.course_student (id, create_time, update_time, student_id, student_number, student_name, course_id,
                                     group_id, total_score, detail_score)
VALUES (27, '2021-05-18 23:53:18', '2021-05-18 23:53:18', 23, '20721618', 'student-p', 1, 14, 0, '[]');
INSERT INTO pourrfot.course_student (id, create_time, update_time, student_id, student_number, student_name, course_id,
                                     group_id, total_score, detail_score)
VALUES (28, '2021-05-18 23:53:18', '2021-05-18 23:53:18', 24, '20721619', 'student-q', 1, 15, 0, '[]');
INSERT INTO pourrfot.course_student (id, create_time, update_time, student_id, student_number, student_name, course_id,
                                     group_id, total_score, detail_score)
VALUES (29, '2021-05-18 23:53:18', '2021-05-18 23:53:18', 25, '20721620', 'student-r', 1, 16, 0, '[]');
INSERT INTO pourrfot.course_student (id, create_time, update_time, student_id, student_number, student_name, course_id,
                                     group_id, total_score, detail_score)
VALUES (30, '2021-05-18 23:53:18', '2021-05-18 23:53:18', 26, '20721621', 'student-s', 1, 17, 0, '[]');
INSERT INTO pourrfot.course_student (id, create_time, update_time, student_id, student_number, student_name, course_id,
                                     group_id, total_score, detail_score)
VALUES (31, '2021-05-18 23:53:18', '2021-05-18 23:53:18', 27, '20721622', 'student-t', 1, 18, 0, '[]');
INSERT INTO pourrfot.course_student (id, create_time, update_time, student_id, student_number, student_name, course_id,
                                     group_id, total_score, detail_score)
VALUES (32, '2021-05-18 23:53:18', '2021-05-18 23:53:18', 28, '20721623', 'student-u', 1, 19, 0, '[]');
INSERT INTO pourrfot.course_student (id, create_time, update_time, student_id, student_number, student_name, course_id,
                                     group_id, total_score, detail_score)
VALUES (33, '2021-05-18 23:53:18', '2021-05-18 23:53:18', 29, '20721624', 'student-v', 1, 20, 0, '[]');
INSERT INTO pourrfot.course_student (id, create_time, update_time, student_id, student_number, student_name, course_id,
                                     group_id, total_score, detail_score)
VALUES (34, '2021-05-18 23:53:18', '2021-05-18 23:53:18', 30, '20721625', 'student-w', 1, 21, 0, '[]');
INSERT INTO pourrfot.course_student (id, create_time, update_time, student_id, student_number, student_name, course_id,
                                     group_id, total_score, detail_score)
VALUES (35, '2021-05-18 23:53:18', '2021-05-18 23:53:18', 31, '20721626', 'student-x', 1, 22, 0, '[]');
INSERT INTO pourrfot.course_student (id, create_time, update_time, student_id, student_number, student_name, course_id,
                                     group_id, total_score, detail_score)
VALUES (36, '2021-05-18 23:53:18', '2021-05-18 23:53:18', 32, '20721627', 'student-y', 1, 23, 0, '[]');
INSERT INTO pourrfot.course_student (id, create_time, update_time, student_id, student_number, student_name, course_id,
                                     group_id, total_score, detail_score)
VALUES (37, '2021-05-18 23:53:18', '2021-05-18 23:53:18', 33, '20721628', 'student-z', 1, 1, 0, '[]');
INSERT INTO pourrfot.project (id, create_time, update_time, project_name, project_code, owner_id, profile_photo)
VALUES (1, '2021-05-16 22:54:42', '2021-05-16 22:54:42', '科创项目1', 'PROJECT-1', 1, '');
INSERT INTO pourrfot.project (id, create_time, update_time, project_name, project_code, owner_id, profile_photo)
VALUES (2, '2021-05-16 22:54:42', '2021-05-16 22:54:42', '科创项目2', 'PROJECT-2', 2, '');
INSERT INTO pourrfot.project (id, create_time, update_time, project_name, project_code, owner_id, profile_photo)
VALUES (3, '2021-05-16 22:54:42', '2021-05-16 22:54:42', '科创项目3', 'PROJECT-3', 1, '');
INSERT INTO pourrfot.project (id, create_time, update_time, project_name, project_code, owner_id, profile_photo)
VALUES (4, '2021-05-16 22:54:42', '2021-05-16 22:54:42', '科创项目4', 'PROJECT-4', 2, '');
INSERT INTO pourrfot.project (id, create_time, update_time, project_name, project_code, owner_id, profile_photo)
VALUES (5, '2021-05-16 22:54:42', '2021-05-16 22:54:42', '科创项目5', 'PROJECT-5', 6, '');
INSERT INTO pourrfot.project_member (id, create_time, update_time, project_id, user_id, role_name)
VALUES (1, '2021-05-16 23:30:10', '2021-05-16 23:30:10', 1, 1, 'owner');
INSERT INTO pourrfot.project_member (id, create_time, update_time, project_id, user_id, role_name)
VALUES (2, '2021-05-16 23:30:10', '2021-05-16 23:30:10', 2, 2, 'owner');
INSERT INTO pourrfot.project_member (id, create_time, update_time, project_id, user_id, role_name)
VALUES (3, '2021-05-16 23:30:10', '2021-05-16 23:30:10', 3, 1, 'owner');
INSERT INTO pourrfot.project_member (id, create_time, update_time, project_id, user_id, role_name)
VALUES (4, '2021-05-16 23:30:10', '2021-05-16 23:30:10', 4, 2, 'owner');
INSERT INTO pourrfot.project_member (id, create_time, update_time, project_id, user_id, role_name)
VALUES (5, '2021-05-16 23:30:10', '2021-05-16 23:30:10', 5, 6, 'owner');
INSERT INTO pourrfot.project_member (id, create_time, update_time, project_id, user_id, role_name)
VALUES (6, '2021-05-16 23:30:10', '2021-05-16 23:30:10', 1, 3, 'member');
INSERT INTO pourrfot.project_member (id, create_time, update_time, project_id, user_id, role_name)
VALUES (7, '2021-05-16 23:30:10', '2021-05-16 23:30:10', 2, 5, 'member');
INSERT INTO pourrfot.project_member (id, create_time, update_time, project_id, user_id, role_name)
VALUES (8, '2021-05-16 23:30:10', '2021-05-16 23:30:10', 3, 3, 'member');
INSERT INTO pourrfot.project_member (id, create_time, update_time, project_id, user_id, role_name)
VALUES (9, '2021-05-16 23:30:10', '2021-05-16 23:30:10', 4, 5, 'member');
